{"root":0,"uuid":"dmZ6UUUTsjUYlgTDMbR0","version":0.1,"symbols":[{"type":5,"frames":[{"objects":[{"name":null,"type":0,"depth":1,"symbol":43,"clipDepth":0,"id":46,"matrix":[0.651046752929688,0,0,0.841522216796875,19650,11800]},{"name":null,"type":0,"depth":15,"symbol":42,"clipDepth":0,"id":47,"matrix":[2.7332763671875,0,0,3.20712280273438,10719,6511]},{"name":null,"type":0,"depth":28,"symbol":29,"clipDepth":0,"id":48,"matrix":[0.4774169921875,0,0,0.617111206054688,1550,11800]},{"name":null,"type":0,"depth":42,"symbol":18,"clipDepth":0,"id":49,"matrix":[2.7332763671875,0,0,3.20712280273438,19939,11531]},{"name":null,"type":0,"depth":53,"symbol":12,"clipDepth":0,"id":50,"matrix":[2.7332763671875,0,0,3.20712280273438,18072,11531]}]}]},{"type":4,"id":27,"commands":[3,5,1,16777215,1,8,661,506,7,0,506,7,0,266,7,661,266,7,590,0,7,1251,379,7,577,760,7,661,506,5]},{"type":5,"id":26,"frames":[{"objects":[{"name":null,"type":0,"depth":1,"symbol":25,"clipDepth":0,"id":0,"matrix":[1,0,0,1,0,0]}]}]},{"type":4,"id":25,"commands":[3,5,1,16777215,1,8,2004,0,4,2190,0,2190,186,7,2190,1138,4,2190,1324,2004,1324,7,185,1324,4,0,1324,0,1138,7,0,186,4,0,0,185,0,7,2004,0,5]},{"type":5,"id":24,"frames":[{"objects":[{"name":null,"type":0,"depth":1,"symbol":5,"clipDepth":0,"id":0,"matrix":[1,0,0,1,0,0]}]}]},{"type":5,"id":23,"frames":[{"objects":[{"name":null,"type":0,"depth":1,"symbol":22,"clipDepth":0,"id":0,"matrix":[1,0,0,1,0,0]}]}]},{"type":4,"id":22,"commands":[3,5,2,0,[9818456,15334301],[0,0.541176470588235],[2,255],[-0.00299072265625,0.0183868408203125,-0.0269775390625,-0.00439453125,1183,364],0,1,0,8,2084,0,4,2284,0,2284,200,7,2284,825,4,1901,1025,1183,659,4,493,305,0,568,7,0,200,4,0,0,200,0,7,2084,0,5]},{"type":5,"id":21,"frames":[{"objects":[{"name":null,"type":0,"depth":1,"symbol":8,"clipDepth":0,"id":0,"matrix":[1,0,0,1,0,0]}]}]},{"type":5,"id":20,"frames":[{"objects":[{"name":null,"type":0,"depth":1,"symbol":3,"clipDepth":0,"id":0,"matrix":[1,0,0,1,0,0]}]}]},{"type":5,"id":19,"frames":[{"objects":[{"name":null,"type":0,"depth":1,"symbol":1,"clipDepth":0,"id":0,"matrix":[1,0,0,1,0,0]}]}]},{"hitState":{"type":5,"frames":[{"objects":[{"type":0,"depth":0,"symbol":13,"clipDepth":0,"id":0,"visible":true,"colorTransform":[20,20,20,20,0,0,0,0],"matrix":[0.238189697265625,0,0,0.262451171875,-274,-188]},{"type":0,"depth":1,"symbol":3,"clipDepth":0,"id":1,"visible":true,"colorTransform":[20,20,20,20,0,0,0,0],"matrix":[0.238189697265625,0,0,0.262451171875,-274,-69]},{"type":0,"depth":2,"symbol":15,"clipDepth":0,"id":2,"visible":true,"colorTransform":[20,20,20,20,0,0,0,0],"matrix":[0.238189697265625,0,0,0.262451171875,-274,-188]},{"type":0,"depth":3,"symbol":17,"clipDepth":0,"id":3,"visible":true,"colorTransform":[20,20,20,20,0,0,0,0],"matrix":[1,0,0,1,0,0]},{"type":0,"depth":4,"symbol":8,"clipDepth":0,"id":4,"visible":true,"colorTransform":[20,20,20,20,0,0,0,0],"matrix":[0.238189697265625,0,0,0.262451171875,-274,-69]},{"type":0,"depth":5,"symbol":10,"clipDepth":0,"id":5,"visible":true,"colorTransform":[20,20,20,20,0,0,0,0],"matrix":[0.238189697265625,0,0,0.262451171875,-274,-188]}]}]},"type":1,"className":"NoButton","baseClassName":null,"upState":{"type":5,"frames":[{"objects":[{"type":0,"depth":0,"symbol":14,"clipDepth":0,"id":0,"visible":true,"colorTransform":[20,20,20,20,0,0,0,0],"matrix":[0.238189697265625,0,0,0.262451171875,-1,0]},{"type":0,"depth":1,"symbol":4,"clipDepth":0,"id":1,"visible":true,"colorTransform":[20,20,20,20,0,0,0,0],"matrix":[0.238189697265625,0,0,0.262451171875,-1,0]},{"type":0,"depth":2,"symbol":16,"clipDepth":0,"id":2,"visible":true,"colorTransform":[20,20,20,20,0,0,0,0],"matrix":[0.238189697265625,0,0,0.262451171875,-1,0]},{"type":0,"depth":3,"symbol":17,"clipDepth":0,"id":3,"visible":true,"colorTransform":[20,20,20,20,0,0,0,0],"matrix":[1,0,0,1,0,0]},{"type":0,"depth":4,"symbol":9,"clipDepth":0,"id":4,"visible":true,"colorTransform":[20,20,20,20,0,0,0,0],"matrix":[0.238189697265625,0,0,0.262451171875,-274,-69]},{"type":0,"depth":5,"symbol":11,"clipDepth":0,"id":5,"visible":true,"colorTransform":[20,20,20,20,0,0,0,0],"matrix":[0.238189697265625,0,0,0.262451171875,-274,-188]}]}]},"overState":{"type":5,"frames":[{"objects":[{"type":0,"depth":0,"symbol":14,"clipDepth":0,"id":0,"visible":true,"colorTransform":[20,20,20,20,0,0,0,0],"matrix":[0.238189697265625,0,0,0.262451171875,-14,-9]},{"type":0,"depth":1,"symbol":4,"clipDepth":0,"id":1,"visible":true,"colorTransform":[20,20,20,20,0,0,0,0],"matrix":[0.238189697265625,0,0,0.262451171875,-14,-3]},{"type":0,"depth":2,"symbol":16,"clipDepth":0,"id":2,"visible":true,"colorTransform":[20,20,20,20,0,0,0,0],"matrix":[0.238189697265625,0,0,0.262451171875,-14,-9]},{"type":0,"depth":3,"symbol":17,"clipDepth":0,"id":3,"visible":true,"colorTransform":[20,20,20,20,0,0,0,0],"matrix":[1,0,0,1,0,0]},{"type":0,"depth":4,"symbol":9,"clipDepth":0,"id":4,"visible":true,"colorTransform":[20,20,20,14,0,0,0,0],"matrix":[0.238189697265625,0,0,0.262451171875,-14,-3]},{"type":0,"depth":5,"symbol":11,"clipDepth":0,"id":5,"visible":true,"colorTransform":[20,20,20,14,0,0,0,0],"matrix":[0.238189697265625,0,0,0.262451171875,-14,-9]}]}]},"id":18,"downState":{"type":5,"frames":[{"objects":[{"type":0,"depth":0,"symbol":14,"clipDepth":0,"id":0,"visible":true,"colorTransform":[20,20,20,20,0,0,0,0],"matrix":[0.238189697265625,0,0,0.262451171875,-274,-188]},{"type":0,"depth":1,"symbol":4,"clipDepth":0,"id":1,"visible":true,"colorTransform":[20,20,20,20,0,0,0,0],"matrix":[0.238189697265625,0,0,0.262451171875,-274,-69]},{"type":0,"depth":2,"symbol":16,"clipDepth":0,"id":2,"visible":true,"colorTransform":[20,20,20,20,0,0,0,0],"matrix":[0.238189697265625,0,0,0.262451171875,-274,-188]},{"type":0,"depth":3,"symbol":17,"clipDepth":0,"id":3,"visible":true,"colorTransform":[20,20,20,20,0,0,0,0],"matrix":[1,0,0,1,0,0]},{"type":0,"depth":4,"symbol":9,"clipDepth":0,"id":4,"visible":true,"colorTransform":[20,20,20,14,0,0,0,0],"matrix":[0.238189697265625,0,0,0.262451171875,-274,-69]},{"type":0,"depth":5,"symbol":11,"clipDepth":0,"id":5,"visible":true,"colorTransform":[20,20,20,14,0,0,0,0],"matrix":[0.238189697265625,0,0,0.262451171875,-274,-188]}]}]}},{"type":4,"id":17,"commands":[3,5,1,16777215,1,8,6,-70,7,101,-150,7,106,-151,7,112,-150,7,116,-146,7,143,-80,7,143,-73,7,138,-69,7,68,-13,4,113,22,153,64,4,161,69,153,73,7,97,109,7,87,109,7,52,70,7,13,34,7,6,40,7,-8,59,7,-63,125,4,-70,131,-74,125,7,-111,91,4,-119,82,-111,74,4,-80,32,-45,-7,7,-52,-12,7,-136,-65,7,-140,-68,7,-141,-72,7,-138,-79,7,-104,-126,7,-99,-128,7,-92,-128,7,6,-70,5]},{"type":5,"id":16,"frames":[{"objects":[{"name":null,"type":0,"depth":1,"symbol":15,"clipDepth":0,"id":0,"matrix":[1,0,0,1,0,0]}]}]},{"hitState":{"type":5,"frames":[{"objects":[{"type":0,"depth":0,"symbol":1,"clipDepth":0,"id":0,"visible":true,"colorTransform":[20,20,20,20,0,0,0,0],"matrix":[1,0,0,1,-1146,-713]},{"type":0,"depth":1,"symbol":3,"clipDepth":0,"id":1,"visible":true,"colorTransform":[20,20,20,20,0,0,0,0],"matrix":[1,0,0,1,-1146,-265]},{"type":0,"depth":2,"symbol":8,"clipDepth":0,"id":2,"visible":true,"colorTransform":[20,20,20,20,0,0,0,0],"matrix":[1,0,0,1,-1140,-265]},{"type":0,"depth":3,"symbol":22,"clipDepth":0,"id":3,"visible":true,"colorTransform":[20,20,20,20,0,0,0,0],"matrix":[1,0,0,1,-1134,-713]},{"type":0,"depth":4,"symbol":5,"clipDepth":0,"id":4,"visible":true,"colorTransform":[20,20,20,20,0,0,0,0],"matrix":[1,0,0,1,-1152,-713]},{"type":0,"depth":5,"symbol":25,"clipDepth":0,"id":5,"visible":true,"colorTransform":[0,0,0,5,0,0,0,0],"matrix":[1,0,0,1,-1095,-662]},{"type":0,"depth":6,"symbol":27,"clipDepth":0,"id":6,"visible":true,"colorTransform":[20,20,20,20,0,0,0,0],"matrix":[1,0,0,1,-633,-381]}]}]},"type":1,"className":"NextButton","baseClassName":null,"upState":{"type":5,"frames":[{"objects":[{"type":0,"depth":0,"symbol":19,"clipDepth":0,"id":0,"visible":true,"colorTransform":[20,20,20,20,0,0,0,0],"matrix":[1,0,0,1,-3,-2]},{"type":0,"depth":1,"symbol":20,"clipDepth":0,"id":1,"visible":true,"colorTransform":[20,20,20,20,0,0,0,0],"matrix":[1,0,0,1,-3,-1]},{"type":0,"depth":2,"symbol":21,"clipDepth":0,"id":2,"visible":true,"colorTransform":[20,20,20,20,0,0,0,0],"matrix":[1,0,0,1,-3,-1]},{"type":0,"depth":3,"symbol":23,"clipDepth":0,"id":3,"visible":true,"colorTransform":[20,20,20,20,0,0,0,0],"matrix":[1,0,0,1,-3,-2]},{"type":0,"depth":4,"symbol":24,"clipDepth":0,"id":4,"visible":true,"colorTransform":[20,20,20,20,0,0,0,0],"matrix":[1,0,0,1,-3,-2]},{"type":0,"depth":5,"symbol":26,"clipDepth":0,"id":5,"visible":true,"colorTransform":[0,0,0,0,5100,5100,5100,0],"matrix":[1,0,0,1,-1098,-665]},{"type":0,"depth":6,"symbol":28,"clipDepth":0,"id":6,"visible":true,"colorTransform":[20,20,20,20,0,0,0,0],"matrix":[1,0,0,1,-2,-1]}]}]},"overState":{"type":5,"frames":[{"objects":[{"type":0,"depth":0,"symbol":19,"clipDepth":0,"id":0,"visible":true,"colorTransform":[20,20,20,20,0,0,0,0],"matrix":[1,0,0,1,-57,-36]},{"type":0,"depth":1,"symbol":20,"clipDepth":0,"id":1,"visible":true,"colorTransform":[20,20,20,20,0,0,0,0],"matrix":[1,0,0,1,-57,-13]},{"type":0,"depth":2,"symbol":21,"clipDepth":0,"id":2,"visible":true,"colorTransform":[20,20,20,20,0,0,0,0],"matrix":[1,0,0,1,-57,-13]},{"type":0,"depth":3,"symbol":23,"clipDepth":0,"id":3,"visible":true,"colorTransform":[20,20,20,20,0,0,0,0],"matrix":[1,0,0,1,-57,-36]},{"type":0,"depth":4,"symbol":24,"clipDepth":0,"id":4,"visible":true,"colorTransform":[20,20,20,20,0,0,0,0],"matrix":[1,0,0,1,-58,-36]},{"type":0,"depth":5,"symbol":26,"clipDepth":0,"id":5,"visible":true,"colorTransform":[0,0,0,5,5100,5100,5100,0],"matrix":[1,0,0,1,-1095,-662]},{"type":0,"depth":6,"symbol":28,"clipDepth":0,"id":6,"visible":true,"colorTransform":[20,20,20,20,0,0,0,0],"matrix":[1,0,0,1,-32,-19]}]}]},"id":43,"downState":{"type":5,"frames":[{"objects":[{"type":0,"depth":0,"symbol":19,"clipDepth":0,"id":0,"visible":true,"colorTransform":[20,20,20,20,0,0,0,0],"matrix":[1,0,0,1,-1146,-713]},{"type":0,"depth":1,"symbol":20,"clipDepth":0,"id":1,"visible":true,"colorTransform":[20,20,20,20,0,0,0,0],"matrix":[1,0,0,1,-1146,-265]},{"type":0,"depth":2,"symbol":21,"clipDepth":0,"id":2,"visible":true,"colorTransform":[20,20,20,20,0,0,0,0],"matrix":[1,0,0,1,-1140,-265]},{"type":0,"depth":3,"symbol":23,"clipDepth":0,"id":3,"visible":true,"colorTransform":[20,20,20,20,0,0,0,0],"matrix":[1,0,0,1,-1134,-713]},{"type":0,"depth":4,"symbol":24,"clipDepth":0,"id":4,"visible":true,"colorTransform":[20,20,20,20,0,0,0,0],"matrix":[1,0,0,1,-1152,-713]},{"type":0,"depth":5,"symbol":26,"clipDepth":0,"id":5,"visible":true,"colorTransform":[0,0,0,5,0,0,0,0],"matrix":[1,0,0,1,-1095,-662]},{"type":0,"depth":6,"symbol":28,"clipDepth":0,"id":6,"visible":true,"colorTransform":[20,20,20,20,0,0,0,0],"matrix":[1,0,0,1,-633,-381]}]}]}},{"type":4,"id":15,"commands":[3,5,2,1,[16737792,13369344],[1,1],[2,255],[0.0787506103515625,0,0,0.0787506103515625,1098,1],0,1,0,8,2061,51,7,242,51,4,57,51,57,237,7,57,1189,4,57,1375,242,1375,7,2061,1375,4,2247,1375,2247,1189,7,2247,237,4,2247,51,2061,51,8,2104,0,4,2304,0,2304,200,7,2304,1226,4,2304,1426,2104,1426,7,200,1426,4,0,1426,0,1226,7,0,200,4,0,0,200,0,7,2104,0,5]},{"hitState":{"type":5,"frames":[{"objects":[{"type":0,"depth":0,"symbol":30,"clipDepth":0,"id":0,"visible":true,"colorTransform":[20,20,20,20,0,0,0,0],"matrix":[0.238189697265625,0,0,0.262466430664062,-274,-188]},{"type":0,"depth":1,"symbol":34,"clipDepth":0,"id":1,"visible":true,"colorTransform":[20,20,20,20,0,0,0,0],"matrix":[0.238189697265625,0,0,0.262466430664062,-274,-188]},{"type":0,"depth":2,"symbol":36,"clipDepth":0,"id":2,"visible":true,"colorTransform":[20,20,20,20,0,0,0,0],"matrix":[1,0,0,1,-83,-159]}]}]},"type":1,"className":"QuizButton","baseClassName":null,"upState":{"type":5,"frames":[{"objects":[{"type":0,"depth":0,"symbol":31,"clipDepth":0,"id":0,"visible":true,"colorTransform":[20,20,20,20,0,0,0,0],"matrix":[0.238189697265625,0,0,0.262466430664062,-1,0]},{"type":0,"depth":1,"symbol":33,"clipDepth":0,"id":1,"visible":true,"colorTransform":[20,20,20,20,0,0,0,0],"matrix":[0.238189697265625,0,0,0.262466430664062,-1,0]},{"type":0,"depth":2,"symbol":35,"clipDepth":0,"id":2,"visible":true,"colorTransform":[20,20,20,20,0,0,0,0],"matrix":[0.238189697265625,0,0,0.262466430664062,-1,0]},{"type":0,"depth":3,"symbol":37,"clipDepth":0,"id":3,"visible":true,"colorTransform":[20,20,20,20,0,0,0,0],"matrix":[1,0,0,1,0,0]},{"type":0,"depth":4,"symbol":39,"clipDepth":0,"id":4,"visible":true,"colorTransform":[20,20,20,12,0,0,0,0],"matrix":[0.238189697265625,0,0,0.262466430664062,-274,-69]},{"type":0,"depth":5,"symbol":41,"clipDepth":0,"id":5,"visible":true,"colorTransform":[20,20,20,12,0,0,0,0],"matrix":[0.238189697265625,0,0,0.262466430664062,-274,-188]}]}]},"overState":{"type":5,"frames":[{"objects":[{"type":0,"depth":0,"symbol":31,"clipDepth":0,"id":0,"visible":true,"colorTransform":[20,20,20,20,0,0,0,0],"matrix":[0.238189697265625,0,0,0.262466430664062,-14,-9]},{"type":0,"depth":1,"symbol":33,"clipDepth":0,"id":1,"visible":true,"colorTransform":[20,20,20,20,0,0,0,0],"matrix":[0.238189697265625,0,0,0.262466430664062,-14,-3]},{"type":0,"depth":2,"symbol":35,"clipDepth":0,"id":2,"visible":true,"colorTransform":[20,20,20,20,0,0,0,0],"matrix":[0.238189697265625,0,0,0.262466430664062,-14,-9]},{"type":0,"depth":3,"symbol":37,"clipDepth":0,"id":3,"visible":true,"colorTransform":[20,20,20,20,0,0,0,0],"matrix":[1,0,0,1,-4,-8]},{"type":0,"depth":4,"symbol":39,"clipDepth":0,"id":4,"visible":true,"colorTransform":[20,20,20,14,0,0,0,0],"matrix":[0.238189697265625,0,0,0.262466430664062,-14,-3]},{"type":0,"depth":5,"symbol":41,"clipDepth":0,"id":5,"visible":true,"colorTransform":[20,20,20,14,0,0,0,0],"matrix":[0.238189697265625,0,0,0.262466430664062,-14,-9]}]}]},"id":42,"downState":{"type":5,"frames":[{"objects":[{"type":0,"depth":0,"symbol":31,"clipDepth":0,"id":0,"visible":true,"colorTransform":[20,20,20,20,0,0,0,0],"matrix":[0.238189697265625,0,0,0.262466430664062,-274,-188]},{"type":0,"depth":1,"symbol":33,"clipDepth":0,"id":1,"visible":true,"colorTransform":[20,20,20,20,0,0,0,0],"matrix":[0.238189697265625,0,0,0.262466430664062,-274,-69]},{"type":0,"depth":2,"symbol":35,"clipDepth":0,"id":2,"visible":true,"colorTransform":[20,20,20,20,0,0,0,0],"matrix":[0.238189697265625,0,0,0.262466430664062,-274,-188]},{"type":0,"depth":3,"symbol":37,"clipDepth":0,"id":3,"visible":true,"colorTransform":[20,20,20,20,0,0,0,0],"matrix":[1,0,0,1,-83,-159]},{"type":0,"depth":4,"symbol":39,"clipDepth":0,"id":4,"visible":true,"colorTransform":[20,20,20,14,0,0,0,0],"matrix":[0.238189697265625,0,0,0.262466430664062,-274,-69]},{"type":0,"depth":5,"symbol":41,"clipDepth":0,"id":5,"visible":true,"colorTransform":[20,20,20,14,0,0,0,0],"matrix":[0.238189697265625,0,0,0.262466430664062,-274,-188]}]}]}},{"type":5,"id":14,"frames":[{"objects":[{"name":null,"type":0,"depth":1,"symbol":13,"clipDepth":0,"id":0,"matrix":[1,0,0,1,0,0]}]}]},{"type":5,"id":41,"frames":[{"objects":[{"name":null,"type":0,"depth":1,"symbol":40,"clipDepth":0,"id":0,"matrix":[1,0,0,1,0,0]}]}]},{"type":4,"id":13,"commands":[3,5,2,1,[16737792,13369344],[1,1],[2,255],[0.0787506103515625,0,0,0.0787506103515625,1098,1],0,1,0,8,2084,0,4,2284,0,2284,200,7,2284,1226,4,2284,1426,2084,1426,7,200,1426,4,0,1426,0,1226,7,0,200,4,0,0,200,0,7,2084,0,5]},{"type":4,"id":40,"commands":[3,5,2,0,[5816529,10348795],[0,0.552941176470588],[2,255],[-0.00299072265625,0.0183868408203125,-0.0269775390625,-0.00439453125,1183,364],0,1,0,8,2084,0,4,2284,0,2284,200,7,2284,825,4,1901,1025,1183,659,4,493,305,0,568,7,0,200,4,0,0,200,0,7,2084,0,5]},{"hitState":{"type":5,"frames":[{"objects":[{"type":0,"depth":0,"symbol":1,"clipDepth":0,"id":0,"visible":true,"colorTransform":[20,20,20,20,0,0,0,0],"matrix":[0.238189697265625,0,0,0.262451171875,-274,-188]},{"type":0,"depth":1,"symbol":3,"clipDepth":0,"id":1,"visible":true,"colorTransform":[20,20,20,20,0,0,0,0],"matrix":[0.238189697265625,0,0,0.262451171875,-274,-69]},{"type":0,"depth":2,"symbol":5,"clipDepth":0,"id":2,"visible":true,"colorTransform":[20,20,20,20,0,0,0,0],"matrix":[0.238189697265625,0,0,0.262451171875,-274,-188]},{"type":0,"depth":3,"symbol":7,"clipDepth":0,"id":3,"visible":true,"colorTransform":[20,20,20,20,0,0,0,0],"matrix":[1,0,0,1,0,0]},{"type":0,"depth":4,"symbol":8,"clipDepth":0,"id":4,"visible":true,"colorTransform":[20,20,20,20,0,0,0,0],"matrix":[0.238189697265625,0,0,0.262451171875,-274,-69]},{"type":0,"depth":5,"symbol":10,"clipDepth":0,"id":5,"visible":true,"colorTransform":[20,20,20,20,0,0,0,0],"matrix":[0.238189697265625,0,0,0.262451171875,-274,-188]}]}]},"type":1,"className":"YesButton","baseClassName":null,"upState":{"type":5,"frames":[{"objects":[{"type":0,"depth":0,"symbol":2,"clipDepth":0,"id":0,"visible":true,"colorTransform":[20,20,20,20,0,0,0,0],"matrix":[0.238189697265625,0,0,0.262451171875,-1,0]},{"type":0,"depth":1,"symbol":4,"clipDepth":0,"id":1,"visible":true,"colorTransform":[20,20,20,20,0,0,0,0],"matrix":[0.238189697265625,0,0,0.262451171875,-1,0]},{"type":0,"depth":2,"symbol":6,"clipDepth":0,"id":2,"visible":true,"colorTransform":[20,20,20,20,0,0,0,0],"matrix":[0.238189697265625,0,0,0.262451171875,-1,0]},{"type":0,"depth":3,"symbol":7,"clipDepth":0,"id":3,"visible":true,"colorTransform":[20,20,20,20,0,0,0,0],"matrix":[1,0,0,1,0,0]},{"type":0,"depth":4,"symbol":9,"clipDepth":0,"id":4,"visible":true,"colorTransform":[20,20,20,20,0,0,0,0],"matrix":[0.238189697265625,0,0,0.262451171875,-274,-69]},{"type":0,"depth":5,"symbol":11,"clipDepth":0,"id":5,"visible":true,"colorTransform":[20,20,20,20,0,0,0,0],"matrix":[0.238189697265625,0,0,0.262451171875,-274,-188]}]}]},"overState":{"type":5,"frames":[{"objects":[{"type":0,"depth":0,"symbol":2,"clipDepth":0,"id":0,"visible":true,"colorTransform":[20,20,20,20,0,0,0,0],"matrix":[0.238189697265625,0,0,0.262451171875,-14,-9]},{"type":0,"depth":1,"symbol":4,"clipDepth":0,"id":1,"visible":true,"colorTransform":[20,20,20,20,0,0,0,0],"matrix":[0.238189697265625,0,0,0.262451171875,-14,-3]},{"type":0,"depth":2,"symbol":6,"clipDepth":0,"id":2,"visible":true,"colorTransform":[20,20,20,20,0,0,0,0],"matrix":[0.238189697265625,0,0,0.262451171875,-14,-9]},{"type":0,"depth":3,"symbol":7,"clipDepth":0,"id":3,"visible":true,"colorTransform":[20,20,20,20,0,0,0,0],"matrix":[1,0,0,1,0,0]},{"type":0,"depth":4,"symbol":9,"clipDepth":0,"id":4,"visible":true,"colorTransform":[20,20,20,14,0,0,0,0],"matrix":[0.238189697265625,0,0,0.262451171875,-14,-3]},{"type":0,"depth":5,"symbol":11,"clipDepth":0,"id":5,"visible":true,"colorTransform":[20,20,20,14,0,0,0,0],"matrix":[0.238189697265625,0,0,0.262451171875,-14,-9]}]}]},"id":12,"downState":{"type":5,"frames":[{"objects":[{"type":0,"depth":0,"symbol":2,"clipDepth":0,"id":0,"visible":true,"colorTransform":[20,20,20,20,0,0,0,0],"matrix":[0.238189697265625,0,0,0.262451171875,-274,-188]},{"type":0,"depth":1,"symbol":4,"clipDepth":0,"id":1,"visible":true,"colorTransform":[20,20,20,20,0,0,0,0],"matrix":[0.238189697265625,0,0,0.262451171875,-274,-69]},{"type":0,"depth":2,"symbol":6,"clipDepth":0,"id":2,"visible":true,"colorTransform":[20,20,20,20,0,0,0,0],"matrix":[0.238189697265625,0,0,0.262451171875,-274,-188]},{"type":0,"depth":3,"symbol":7,"clipDepth":0,"id":3,"visible":true,"colorTransform":[20,20,20,20,0,0,0,0],"matrix":[1,0,0,1,0,0]},{"type":0,"depth":4,"symbol":9,"clipDepth":0,"id":4,"visible":true,"colorTransform":[20,20,20,14,0,0,0,0],"matrix":[0.238189697265625,0,0,0.262451171875,-274,-69]},{"type":0,"depth":5,"symbol":11,"clipDepth":0,"id":5,"visible":true,"colorTransform":[20,20,20,14,0,0,0,0],"matrix":[0.238189697265625,0,0,0.262451171875,-274,-188]}]}]}},{"type":5,"id":39,"frames":[{"objects":[{"name":null,"type":0,"depth":1,"symbol":38,"clipDepth":0,"id":0,"matrix":[1,0,0,1,0,0]}]}]},{"type":5,"id":11,"frames":[{"objects":[{"name":null,"type":0,"depth":1,"symbol":10,"clipDepth":0,"id":0,"matrix":[1,0,0,1,0,0]}]}]},{"type":4,"id":38,"commands":[3,5,2,1,[1898237,213833],[0.431372549019608,0],[2,255],[0.1181640625,0,0,0.0512542724609375,1091,970],0,1,0,8,2284,770,4,2284,970,2084,970,7,200,970,4,0,970,0,770,7,0,112,4,493,-151,1183,203,4,1901,569,2284,369,7,2284,770,5]},{"type":4,"id":10,"commands":[3,5,2,0,[9818456,15334301],[0,0.552941176470588],[2,255],[-0.00299072265625,0.0183868408203125,-0.0269775390625,-0.00439453125,1183,364],0,1,0,8,2084,0,4,2284,0,2284,200,7,2284,825,4,1901,1025,1183,659,4,493,305,0,568,7,0,200,4,0,0,200,0,7,2084,0,5]},{"type":5,"id":37,"frames":[{"objects":[{"name":null,"type":0,"depth":2,"symbol":36,"clipDepth":0,"id":0,"matrix":[1,0,0,1,0,0]}]}]},{"type":5,"id":9,"frames":[{"objects":[{"name":null,"type":0,"depth":1,"symbol":8,"clipDepth":0,"id":0,"matrix":[1,0,0,1,0,0]}]}]},{"type":4,"id":8,"commands":[3,5,2,1,[16645404,1591555],[0.431372549019608,0],[2,255],[0.1181640625,0,0,0.0512542724609375,1091,970],0,1,0,8,2284,770,4,2284,970,2084,970,7,200,970,4,0,970,0,770,7,0,112,4,493,-151,1183,203,4,1901,569,2284,369,7,2284,770,5]},{"type":4,"id":36,"commands":[3,5,1,16777215,1,8,0,70,7,0,22,4,20,8,55,2,4,88,-2,113,2,4,146,9,167,31,4,177,44,180,59,4,183,82,175,99,7,144,135,7,103,172,4,93,181,93,200,7,93,203,7,94,207,7,94,208,7,97,218,7,103,231,7,52,232,4,43,208,46,187,4,49,169,62,156,7,98,122,7,126,92,4,143,50,91,39,7,52,41,7,30,50,7,0,70,5,3,5,1,16777215,1,8,113,292,4,113,304,103,312,4,93,321,79,321,4,66,321,56,312,4,46,304,46,292,4,46,281,56,272,4,66,264,79,264,4,93,264,103,272,4,113,281,113,292,5]},{"type":5,"id":35,"frames":[{"objects":[{"name":null,"type":0,"depth":1,"symbol":34,"clipDepth":0,"id":0,"matrix":[1,0,0,1,0,0]}]}]},{"type":4,"id":7,"commands":[3,5,1,16777215,1,8,167,-99,4,179,-101,176,-92,4,75,-24,-37,97,7,-46,99,7,-52,99,7,-59,92,7,-138,-86,7,-139,-96,7,-133,-103,7,-125,-106,7,-117,-103,7,-19,-8,4,90,-80,167,-99,5]},{"type":4,"id":34,"commands":[3,5,2,1,[45567,27852],[1,1],[2,255],[0.0787506103515625,0,0,0.0787506103515625,1098,1],0,1,0,8,2061,51,7,242,51,4,57,51,57,237,7,57,1189,4,57,1375,242,1375,7,2061,1375,4,2247,1375,2247,1189,7,2247,237,4,2247,51,2061,51,8,2104,0,4,2304,0,2304,200,7,2304,1226,4,2304,1426,2104,1426,7,200,1426,4,0,1426,0,1226,7,0,200,4,0,0,200,0,7,2104,0,5]},{"type":5,"id":6,"frames":[{"objects":[{"name":null,"type":0,"depth":1,"symbol":5,"clipDepth":0,"id":0,"matrix":[1,0,0,1,0,0]}]}]},{"type":4,"id":5,"commands":[3,5,2,1,[9818456,4226051],[1,1],[2,255],[0.0787506103515625,0,0,0.0787506103515625,1098,1],0,1,0,8,2104,0,4,2304,0,2304,200,7,2304,1226,4,2304,1426,2104,1426,7,200,1426,4,0,1426,0,1226,7,0,200,4,0,0,200,0,7,2104,0,8,2061,51,7,242,51,4,57,51,57,237,7,57,1189,4,57,1375,242,1375,7,2061,1375,4,2247,1375,2247,1189,7,2247,237,4,2247,51,2061,51,5]},{"type":5,"id":33,"frames":[{"objects":[{"name":null,"type":0,"depth":1,"symbol":32,"clipDepth":0,"id":0,"matrix":[1,0,0,1,0,0]}]}]},{"type":4,"id":32,"commands":[3,5,2,1,[2058891,201033],[0,0.423529411764706],[2,255],[0.0906982421875,0,0,0.0787506103515625,1105,922],0,1,0,8,2284,770,4,2284,970,2084,970,7,200,970,4,0,970,0,770,7,0,112,4,493,-151,1183,203,4,1901,569,2284,369,7,2284,770,5]},{"type":5,"id":4,"frames":[{"objects":[{"name":null,"type":0,"depth":1,"symbol":3,"clipDepth":0,"id":0,"matrix":[1,0,0,1,0,0]}]}]},{"type":4,"id":3,"commands":[3,5,2,1,[4229919,1591555],[0,0.423529411764706],[2,255],[0.0906982421875,0,0,0.0787506103515625,1105,922],0,1,0,8,2284,770,4,2284,970,2084,970,7,200,970,4,0,970,0,770,7,0,112,4,493,-151,1183,203,4,1901,569,2284,369,7,2284,770,5]},{"type":5,"id":31,"frames":[{"objects":[{"name":null,"type":0,"depth":1,"symbol":30,"clipDepth":0,"id":0,"matrix":[1,0,0,1,0,0]}]}]},{"type":4,"id":30,"commands":[3,5,2,1,[56319,25036],[1,1],[2,255],[0.0787506103515625,0,0,0.0787506103515625,1098,1],0,1,0,8,2084,0,4,2284,0,2284,200,7,2284,1226,4,2284,1426,2084,1426,7,200,1426,4,0,1426,0,1226,7,0,200,4,0,0,200,0,7,2084,0,5]},{"type":5,"id":2,"frames":[{"objects":[{"name":null,"type":0,"depth":1,"symbol":1,"clipDepth":0,"id":0,"matrix":[1,0,0,1,0,0]}]}]},{"type":4,"id":1,"commands":[3,5,2,1,[9818456,4226051],[1,1],[2,255],[0.0787506103515625,0,0,0.0787506103515625,1098,1],0,1,0,8,2084,0,4,2284,0,2284,200,7,2284,1226,4,2284,1426,2084,1426,7,200,1426,4,0,1426,0,1226,7,0,200,4,0,0,200,0,7,2084,0,5]},{"hitState":{"type":5,"frames":[{"objects":[{"type":0,"depth":0,"symbol":1,"clipDepth":0,"id":0,"visible":true,"colorTransform":[20,20,20,20,0,0,0,0],"matrix":[1,0,0,1,-1146,-713]},{"type":0,"depth":1,"symbol":3,"clipDepth":0,"id":1,"visible":true,"colorTransform":[20,20,20,20,0,0,0,0],"matrix":[1,0,0,1,-1146,-265]},{"type":0,"depth":2,"symbol":8,"clipDepth":0,"id":2,"visible":true,"colorTransform":[20,20,20,20,0,0,0,0],"matrix":[1,0,0,1,-1140,-265]},{"type":0,"depth":3,"symbol":22,"clipDepth":0,"id":3,"visible":true,"colorTransform":[20,20,20,20,0,0,0,0],"matrix":[1,0,0,1,-1134,-713]},{"type":0,"depth":4,"symbol":5,"clipDepth":0,"id":4,"visible":true,"colorTransform":[20,20,20,20,0,0,0,0],"matrix":[1,0,0,1,-1152,-713]},{"type":0,"depth":5,"symbol":25,"clipDepth":0,"id":5,"visible":true,"colorTransform":[0,0,0,5,0,0,0,0],"matrix":[1,0,0,1,-1095,-662]},{"type":0,"depth":6,"symbol":27,"clipDepth":0,"id":6,"visible":true,"colorTransform":[20,20,20,20,0,0,0,0],"matrix":[-1,0,0,-1,633,377]}]}]},"type":1,"className":"PrevButton","baseClassName":null,"upState":{"type":5,"frames":[{"objects":[{"type":0,"depth":0,"symbol":19,"clipDepth":0,"id":0,"visible":true,"colorTransform":[20,20,20,20,0,0,0,0],"matrix":[1,0,0,1,-3,-2]},{"type":0,"depth":1,"symbol":20,"clipDepth":0,"id":1,"visible":true,"colorTransform":[20,20,20,20,0,0,0,0],"matrix":[1,0,0,1,-3,-1]},{"type":0,"depth":2,"symbol":21,"clipDepth":0,"id":2,"visible":true,"colorTransform":[20,20,20,20,0,0,0,0],"matrix":[1,0,0,1,-3,-1]},{"type":0,"depth":3,"symbol":23,"clipDepth":0,"id":3,"visible":true,"colorTransform":[20,20,20,20,0,0,0,0],"matrix":[1,0,0,1,-3,-2]},{"type":0,"depth":4,"symbol":24,"clipDepth":0,"id":4,"visible":true,"colorTransform":[20,20,20,20,0,0,0,0],"matrix":[1,0,0,1,-3,-2]},{"type":0,"depth":5,"symbol":26,"clipDepth":0,"id":5,"visible":true,"colorTransform":[0,0,0,0,5100,5100,5100,0],"matrix":[1,0,0,1,-1098,-665]},{"type":0,"depth":6,"symbol":28,"clipDepth":0,"id":6,"visible":true,"colorTransform":[20,20,20,20,0,0,0,0],"matrix":[-1,0,0,-1,2,1]}]}]},"overState":{"type":5,"frames":[{"objects":[{"type":0,"depth":0,"symbol":19,"clipDepth":0,"id":0,"visible":true,"colorTransform":[20,20,20,20,0,0,0,0],"matrix":[1,0,0,1,-57,-36]},{"type":0,"depth":1,"symbol":20,"clipDepth":0,"id":1,"visible":true,"colorTransform":[20,20,20,20,0,0,0,0],"matrix":[1,0,0,1,-57,-13]},{"type":0,"depth":2,"symbol":21,"clipDepth":0,"id":2,"visible":true,"colorTransform":[20,20,20,20,0,0,0,0],"matrix":[1,0,0,1,-57,-13]},{"type":0,"depth":3,"symbol":23,"clipDepth":0,"id":3,"visible":true,"colorTransform":[20,20,20,20,0,0,0,0],"matrix":[1,0,0,1,-57,-36]},{"type":0,"depth":4,"symbol":24,"clipDepth":0,"id":4,"visible":true,"colorTransform":[20,20,20,20,0,0,0,0],"matrix":[1,0,0,1,-58,-36]},{"type":0,"depth":5,"symbol":26,"clipDepth":0,"id":5,"visible":true,"colorTransform":[0,0,0,5,5100,5100,5100,0],"matrix":[1,0,0,1,-1095,-662]},{"type":0,"depth":6,"symbol":28,"clipDepth":0,"id":6,"visible":true,"colorTransform":[20,20,20,20,0,0,0,0],"matrix":[-1,0,0,-1,32,19]}]}]},"id":29,"downState":{"type":5,"frames":[{"objects":[{"type":0,"depth":0,"symbol":19,"clipDepth":0,"id":0,"visible":true,"colorTransform":[20,20,20,20,0,0,0,0],"matrix":[1,0,0,1,-1146,-713]},{"type":0,"depth":1,"symbol":20,"clipDepth":0,"id":1,"visible":true,"colorTransform":[20,20,20,20,0,0,0,0],"matrix":[1,0,0,1,-1146,-265]},{"type":0,"depth":2,"symbol":21,"clipDepth":0,"id":2,"visible":true,"colorTransform":[20,20,20,20,0,0,0,0],"matrix":[1,0,0,1,-1140,-265]},{"type":0,"depth":3,"symbol":23,"clipDepth":0,"id":3,"visible":true,"colorTransform":[20,20,20,20,0,0,0,0],"matrix":[1,0,0,1,-1134,-713]},{"type":0,"depth":4,"symbol":24,"clipDepth":0,"id":4,"visible":true,"colorTransform":[20,20,20,20,0,0,0,0],"matrix":[1,0,0,1,-1152,-713]},{"type":0,"depth":5,"symbol":26,"clipDepth":0,"id":5,"visible":true,"colorTransform":[0,0,0,5,0,0,0,0],"matrix":[1,0,0,1,-1095,-662]},{"type":0,"depth":6,"symbol":28,"clipDepth":0,"id":6,"visible":true,"colorTransform":[20,20,20,20,0,0,0,0],"matrix":[-1,0,0,-1,633,377]}]}]}},{"type":5,"id":28,"frames":[{"objects":[{"name":null,"type":0,"depth":1,"symbol":27,"clipDepth":0,"id":0,"matrix":[1,0,0,1,0,0]}]}]}],"frameRate":24}