{"name":null,"assets":[{"path":"symbols/210.jpg","type":"IMAGE"},{"path":"symbols/165.png","type":"IMAGE"},{"path":"symbols/167.png","type":"IMAGE"},{"path":"symbols/128.jpg","type":"IMAGE"},{"path":"symbols/131.jpg","type":"IMAGE"},{"path":"symbols/134.jpg","type":"IMAGE"},{"path":"symbols/137.jpg","type":"IMAGE"},{"path":"symbols/140.jpg","type":"IMAGE"},{"path":"symbols/143.jpg","type":"IMAGE"},{"path":"symbols/151.jpg","type":"IMAGE"},{"path":"symbols/150.jpg","type":"IMAGE"},{"path":"symbols/149.jpg","type":"IMAGE"},{"path":"symbols/148.jpg","type":"IMAGE"},{"path":"symbols/147.jpg","type":"IMAGE"},{"path":"data.json","type":"TEXT"}],"rootPath":null,"version":3,"libraryArgs":["data.json","kyPL9nsBgeWHtbUPKtTJ"],"libraryType":"swf.exporters.animate.AnimateLibrary"}